id;civilite;nom;prenom;date_de_naissance;email;mobile;reglement;etat;derniere_visite;total_achat;categorie;points_fidelite;cree_le;cree_par;modifie_le;modifie_par
1;M;Spring Belize Dollar;architecture invoice Rhode Island;2020-05-11;"8rz@49.uEsIW";22808;Cheque;true;2020-05-12;70423;Platinium;88213;2020-05-11;Kids neural;2020-05-12;Springs Checking Account
2;Mme;morph Legacy;e-markets Cambridgeshire;2020-05-12;"T@0Nikn.BNy";49849;Cash;false;2020-05-12;75158;Gold;95131;2020-05-11;Response orange Refined Plastic Table;2020-05-12;regional
3;M;Corporate Enhanced payment;Borders;2020-05-11;"OH@x.fak";68879;Cartebancaire;false;2020-05-12;17258;Platinium;34946;2020-05-11;Avon Reduced;2020-05-11;Nicaragua Cambridgeshire
4;Mme;wireless SCSI Wyoming;bluetooth;2020-05-11;"8Qlk@egcU.zWVz";47264;Cheque;true;2020-05-11;35256;Gold;64220;2020-05-11;cohesive Director;2020-05-11;gold Home Loan Account
5;Mme;Cheese reintermediate action-items;Soap;2020-05-11;"k.XTR@PzhXw.kO";69154;Cheque;true;2020-05-12;4530;Gold;58496;2020-05-12;Massachusetts haptic;2020-05-12;Home Loan Account Wall Hat
6;M;content;SMS;2020-05-12;"z2q@E.zKN";94780;Cash;true;2020-05-11;59240;Gold;28059;2020-05-12;Berkshire;2020-05-12;Principal
7;M;Outdoors;Plaza;2020-05-12;"OMTH6@abp.vKu";84218;Cheque;true;2020-05-12;81710;Silver;61977;2020-05-11;Usability;2020-05-12;Hawaii Haven Maryland
8;Mme;Consultant Forward Bedfordshire;exploit;2020-05-12;"hj8zS@ekK.QcE";57848;Cartebancaire;false;2020-05-12;55188;Gold;41841;2020-05-12;Cheese Rial Omani;2020-05-12;RAM paradigms
9;M;Ball;ADP National;2020-05-12;"Vq1f37@q.GUA";80803;Cheque;true;2020-05-11;93432;Silver;11033;2020-05-11;Handmade Wooden Keyboard Sleek;2020-05-12;deposit haptic
10;M;Heights seamless Intelligent Steel Ball;Forward Thailand Legacy;2020-05-11;"fyOE@Mny98_.ZT";9481;Cash;true;2020-05-12;94719;Platinium;69411;2020-05-11;withdrawal Facilitator;2020-05-11;deposit global pink
