id;nom;description;position;etat;image;image_content_type;cree_le;cree_par;modifie_le;modifie_par
1;aggregate paradigms motivating;Fish Producer solutions;55826;false;../fake-data/blob/hipster.png;image/png;2020-05-12;Electronics;2020-05-12;recontextualize enable Associate
2;Track Agent time-frame;Practical Concrete Shoes Auto Loan Account bypass;19354;false;../fake-data/blob/hipster.png;image/png;2020-05-12;Tactics Nepal encoding;2020-05-12;Representative Rufiyaa back up
3;Customer Montana;Handcrafted;58093;false;../fake-data/blob/hipster.png;image/png;2020-05-11;Research Pizza Exclusive;2020-05-11;Assistant Indiana
4;Refined Granite Chips one-to-one synergistic;Strategist redundant withdrawal;98153;true;../fake-data/blob/hipster.png;image/png;2020-05-12;high-level Sleek Soft Tuna invoice;2020-05-12;copying National
5;connecting;neural Industrial;6923;true;../fake-data/blob/hipster.png;image/png;2020-05-12;ivory Personal Loan Account benchmark;2020-05-11;Fantastic Steel Soap
6;parse;port;45523;true;../fake-data/blob/hipster.png;image/png;2020-05-12;grey;2020-05-11;convergence proactive Self-enabling
7;disintermediate;haptic Cambridgeshire Bedfordshire;9723;true;../fake-data/blob/hipster.png;image/png;2020-05-12;Denmark iterate;2020-05-11;Direct bypassing
8;Practical Fresh Car Tasty;Refined Factors protocol;67463;true;../fake-data/blob/hipster.png;image/png;2020-05-11;Accountability;2020-05-12;bandwidth-monitored gold
9;withdrawal synthesizing;payment;2150;false;../fake-data/blob/hipster.png;image/png;2020-05-11;Drives;2020-05-12;technologies Handmade Metal Bike Bedfordshire
10;synthesize;Cambridgeshire Manat Avon;43860;false;../fake-data/blob/hipster.png;image/png;2020-05-11;24/7 Principal matrix;2020-05-11;Lodge
